[
  {
    "model": "notes.user",
    "pk": 1,
    "fields": {
      "name": "Анжелика Павловна Боброва",
      "email": "mihebespalov@example.net"
    }
  },
  {
    "model": "notes.user",
    "pk": 2,
    "fields": {
      "name": "Агата Юльевна Евдокимова",
      "email": "xsmirnova@example.com"
    }
  },
  {
    "model": "notes.user",
    "pk": 3,
    "fields": {
      "name": "Селезнев Борис Витальевич",
      "email": "ruslan_2021@example.org"
    }
  },
  {
    "model": "notes.user",
    "pk": 4,
    "fields": {
      "name": "Светлана Алексеевна Белякова",
      "email": "mnovikova@example.net"
    }
  },
  {
    "model": "notes.user",
    "pk": 5,
    "fields": {
      "name": "Воронцов Епифан Филиппович",
      "email": "zhukovaevpraksija@example.org"
    }
  },
  {
    "model": "notes.user",
    "pk": 6,
    "fields": {
      "name": "Елена Валериевна Хохлова",
      "email": "rodionovaanzhelika@example.com"
    }
  },
  {
    "model": "notes.user",
    "pk": 7,
    "fields": {
      "name": "Медведев Евсей Егорович",
      "email": "ershovsigizmund@example.net"
    }
  },
  {
    "model": "notes.user",
    "pk": 8,
    "fields": {
      "name": "Трофимова Татьяна Руслановна",
      "email": "jakushevflorentin@example.org"
    }
  },
  {
    "model": "notes.user",
    "pk": 9,
    "fields": {
      "name": "Анна Ивановна Титова",
      "email": "sobolevvenedikt@example.net"
    }
  },
  {
    "model": "notes.user",
    "pk": 10,
    "fields": {
      "name": "Федосий Елизарович Терентьев",
      "email": "bronislav2021@example.org"
    }
  },
  {
    "model": "notes.userprofile",
    "pk": 1,
    "fields": {
      "bio": "Недостаток изображать цепочка холодно скользить понятный. Природа основание зарплата ведь спешить.",
      "birth_date": "1970-12-18",
      "user": 1
    }
  },
  {
    "model": "notes.userprofile",
    "pk": 2,
    "fields": {
      "bio": "Цель военный парень манера. Ныне выдержать жидкий издали освобождение художественный избегать. Затянуться указанный конструкция доставать правильный господь граница сверкающий.",
      "birth_date": "1931-08-03",
      "user": 2
    }
  },
  {
    "model": "notes.userprofile",
    "pk": 3,
    "fields": {
      "bio": "Рабочий командующий трубка естественный. Мелькнуть монета интеллектуальный левый.\nВперед палец табак экзамен ярко. Роса господь вывести монета термин освобождение. Табак настать покидать поздравлять.",
      "birth_date": "1912-08-30",
      "user": 3
    }
  },
  {
    "model": "notes.userprofile",
    "pk": 4,
    "fields": {
      "bio": "Дошлый передо неудобно. Протягивать заплакать присесть дружно. Полюбить вряд поставить невыносимый.",
      "birth_date": "2012-07-27",
      "user": 4
    }
  },
  {
    "model": "notes.userprofile",
    "pk": 5,
    "fields": {
      "bio": "Появление кузнец цель изображать. Человечек человечек ручей материя.\nЗадержать недостаток порядок пламя бровь тута славный. Место вперед граница.",
      "birth_date": "1966-07-31",
      "user": 5
    }
  },
  {
    "model": "notes.userprofile",
    "pk": 6,
    "fields": {
      "bio": "Экзамен сходить запустить теория угроза плясать отметить. Очко термин видимо порода. Ведь ход рассуждение.",
      "birth_date": "2023-04-04",
      "user": 6
    }
  },
  {
    "model": "notes.userprofile",
    "pk": 7,
    "fields": {
      "bio": "Выгнать устройство поймать заведение еврейский оставить беспомощный постоянный. Затянуться желание пламя жить левый.\nСопровождаться пасть горький мимо. Порода аж инфекция ручей тысяча июнь.",
      "birth_date": "1993-02-17",
      "user": 7
    }
  },
  {
    "model": "notes.userprofile",
    "pk": 8,
    "fields": {
      "bio": "Миг костер сынок сравнение решение поезд мгновение рай. Предоставить смеяться зачем потянуться. Горький спалить еврейский полюбить.",
      "birth_date": "1971-01-15",
      "user": 8
    }
  },
  {
    "model": "notes.userprofile",
    "pk": 9,
    "fields": {
      "bio": "Присесть полностью наслаждение хозяйка миллиард терапия блин. Привлекать тюрьма появление настать доставать редактор горький. Проход выражаться что вздрогнуть.",
      "birth_date": "2006-09-18",
      "user": 9
    }
  },
  {
    "model": "notes.userprofile",
    "pk": 10,
    "fields": {
      "bio": "Разуметься естественный соответствие успокоиться оборот. Неудобно холодно ведь через.",
      "birth_date": "1990-09-14",
      "user": 10
    }
  },
  {
    "model": "notes.status",
    "pk": 1,
    "fields": {
      "name": "active",
      "is_final": false
    }
  },
  {
    "model": "notes.status",
    "pk": 2,
    "fields": {
      "name": "archived",
      "is_final": true
    }
  },
  {
    "model": "notes.status",
    "pk": 3,
    "fields": {
      "name": "deleted",
      "is_final": true
    }
  },
  {
    "model": "notes.category",
    "pk": 1,
    "fields": {
      "title": "Возможно",
      "description": "Лиловый манера пастух интернет."
    }
  },
  {
    "model": "notes.category",
    "pk": 2,
    "fields": {
      "title": "Сравнение",
      "description": "Освободить потянуться выражаться основание одиннадцать."
    }
  },
  {
    "model": "notes.category",
    "pk": 3,
    "fields": {
      "title": "Падать",
      "description": "Развитый трясти бригада дрогнуть означать спасть засунуть."
    }
  },
  {
    "model": "notes.category",
    "pk": 4,
    "fields": {
      "title": "Школьный",
      "description": "Изучить возможно поговорить исполнять."
    }
  },
  {
    "model": "notes.category",
    "pk": 5,
    "fields": {
      "title": "Вздрогнуть",
      "description": "Бабочка появление заявление что спешить функция."
    }
  },
  {
    "model": "notes.category",
    "pk": 6,
    "fields": {
      "title": "Провинция",
      "description": "Ленинград бабочка июнь тесно каюта тута идея палец."
    }
  },
  {
    "model": "notes.category",
    "pk": 7,
    "fields": {
      "title": "Покидать",
      "description": "Нажать провинция парень миг ягода посидеть."
    }
  },
  {
    "model": "notes.category",
    "pk": 8,
    "fields": {
      "title": "Поезд",
      "description": "Естественный кидать инструкция функция степь прощение налоговый."
    }
  },
  {
    "model": "notes.category",
    "pk": 9,
    "fields": {
      "title": "Уточнить",
      "description": "Дьявол о протягивать лапа правый."
    }
  },
  {
    "model": "notes.category",
    "pk": 10,
    "fields": {
      "title": "Близко",
      "description": "Сустав стакан ход."
    }
  },
  {
    "model": "notes.note",
    "pk": 1,
    "fields": {
      "text": "Витрина монета настать очутиться столетие аллея спешить. Художественный бегать левый торопливый привлекать оставить миг. Пропаганда коричневый виднеться пастух металл подробность. Солнце каюта роскошный добиться экзамен означать. Господь пересечь монета полоска упор некоторый бак. Смертельный прежний художественный совещание падаль.",
      "created_at": "2025-04-27 03:50:16.823327",
      "author": 3,
      "status": 1,
      "categories": [
        2,
        5,
        7
      ]
    }
  },
  {
    "model": "notes.note",
    "pk": 2,
    "fields": {
      "text": "Заведение тяжелый заработать столетие госпожа крутой кузнец песня. Дыхание жить построить собеседник уронить прелесть деловой. Гулять падаль вчера неудобно выразить пол. Правый зима даль а жидкий коммунизм. Поставить военный боец затянуться. Необычный грудь вчера дорогой неправда наткнуться материя. Похороны избегать инвалид потрясти иной металл теория. Правление около отъезд сынок висеть услать грустный. Мусор пропадать что уничтожение юный серьезный. Жидкий штаб зеленый снимать.",
      "created_at": "2025-01-28 10:43:19.207546",
      "author": 3,
      "status": 3,
      "categories": [
        8,
        2,
        9
      ]
    }
  },
  {
    "model": "notes.note",
    "pk": 3,
    "fields": {
      "text": "Граница освобождение сверкать господь. Пробовать хлеб сустав. Заложить аж манера каюта пересечь следовательно горький избегать. Товар сустав а отметить решетка печатать тревога степь. Передо руководитель коробка мальчишка. Угодный каюта человечек хотеть невыносимый июнь. Функция сынок цвет. Деловой песенка точно вывести указанный пространство.",
      "created_at": "2025-03-14 07:31:19.182378",
      "author": 2,
      "status": 1,
      "categories": [
        10
      ]
    }
  },
  {
    "model": "notes.note",
    "pk": 4,
    "fields": {
      "text": "Дошлый багровый зима. Господь поймать господь. Кидать выразить услать. Рай видимо витрина. Сопровождаться сравнение вскакивать волк художественный дружно приходить. О очко палата избегать интернет возмутиться. Порт построить достоинство рабочий четко. Ленинград прелесть ответить командование. Ведь смеяться прелесть механический трясти совет роскошный ныне. Господь девка песенка металл мучительно. Место неожиданно командир умирать зарплата промолчать. Изображать головной скользить встать командующий умолять пастух.",
      "created_at": "2025-02-11 13:37:18.245269",
      "author": 1,
      "status": 1,
      "categories": [
        8,
        4
      ]
    }
  },
  {
    "model": "notes.note",
    "pk": 5,
    "fields": {
      "text": "Второй угроза инфекция отметить. Монета угол направо порядок тута. Способ добиться кузнец мрачно мучительно ягода. Идея бетонный торговля деньги поймать. Непривычный степь товар наступать намерение. Мучительно запретить палец ночь решетка. Решетка за человечек термин зима исполнять. Пропадать жестокий конференция конструкция солнце правление сверкать князь.",
      "created_at": "2025-02-07 16:07:22.387678",
      "author": 6,
      "status": 3,
      "categories": [
        10
      ]
    }
  },
  {
    "model": "notes.note",
    "pk": 6,
    "fields": {
      "text": "Интернет развернуться металл возникновение лиловый изменение. Выражаться труп собеседник смелый заложить приятель. Чувство каюта вперед умирать трясти ребятишки услать. Песня даль вперед художественный. Исследование мимо аллея оборот. Салон правильный танцевать инструкция разводить трясти другой. Развитый возникновение горький рота пища отдел тесно. Какой коллектив построить место. Лапа неправда спичка указанный актриса приятель. Указанный природа возможно подземный дрогнуть зеленый гулять вздрогнуть. Граница волк инструкция способ.",
      "created_at": "2025-05-17 14:13:02.955466",
      "author": 2,
      "status": 2,
      "categories": [
        2
      ]
    }
  },
  {
    "model": "notes.note",
    "pk": 7,
    "fields": {
      "text": "Поговорить кпсс заложить советовать гулять. Слишком тревога добиться пространство какой пропаганда выдержать очередной. Кидать мальчишка избегать разуметься. Забирать сутки ломать покидать коричневый пересечь забирать. Выгнать видимо смертельный возбуждение видимо госпожа эффект. Возбуждение сынок тута при. Обида спасть чем наслаждение плод. Порт расстройство поставить боец. Демократия ярко разводить голубчик. Миф блин рис плод. Радость запустить вряд парень художественный зачем. Растеряться о трубка применяться заложить. Инфекция житель витрина палата возмутиться даль встать.",
      "created_at": "2025-01-06 15:00:39.224256",
      "author": 8,
      "status": 1,
      "categories": [
        5
      ]
    }
  },
  {
    "model": "notes.note",
    "pk": 8,
    "fields": {
      "text": "Факультет жидкий плод встать выраженный. Появление нажать ручей ребятишки дыхание мальчишка плод потом. Сверкающий встать смелый перебивать. Забирать решение выбирать тревога триста головка чувство. Крыса выражаться развитый опасность солнце. Построить возникновение механический отъезд.",
      "created_at": "2025-01-22 18:05:34.489747",
      "author": 2,
      "status": 1,
      "categories": [
        2,
        4,
        6
      ]
    }
  },
  {
    "model": "notes.note",
    "pk": 9,
    "fields": {
      "text": "Очко расстройство место войти спешить конструкция рай провинция. Вытаскивать собеседник сынок сомнительный. Лететь сынок сустав результат подземный. Вчера солнце порог витрина умирать инфекция. Мера выбирать ныне инфекция иной покинуть. Боец палка поезд сынок точно. Разнообразный о миф ставить встать.",
      "created_at": "2025-06-30 10:30:59.283349",
      "author": 8,
      "status": 2,
      "categories": [
        2,
        10
      ]
    }
  },
  {
    "model": "notes.note",
    "pk": 10,
    "fields": {
      "text": "Витрина дыхание растеряться ярко равнодушный. Рота более правильный коллектив светило присесть вряд. Задрать указанный плод плод около. Сравнение сходить порт угроза сынок палец. Посвятить обида зачем потянуться. Мера интеллектуальный снимать фонарик космос.",
      "created_at": "2025-04-23 00:32:58.641316",
      "author": 1,
      "status": 3,
      "categories": [
        6,
        1
      ]
    }
  }
]